Metric,ARIMA,LSTM
MAE,70.50882374052344,26.422814910580414
RMSE,79.4419196380651,33.86004198814334
MAPE (%),26.885625014014963,8.10650429885049
