Metric,ARIMA,LSTM
MAE,70.50882374052344,17.54169915709833
RMSE,79.4419196380651,22.359121464671144
MAPE (%),26.885625014014963,6.420039728553122
