BND,SPY,TSLA
0.5798,0.35578,0.06442
